SNAP_DATE_DAY,z_score_CAT_PYRAMID_NAME_VIP,z_score_CAT_PYRAMID_NAME_Обычный,z_score_CAT_PYRAMID_NAME_nan,z_score_DESCRIPTION_Ошибка в счёте,z_score_DESCRIPTION_Некачественный сервис,z_score_DESCRIPTION_Проблема с сетью,z_score_DESCRIPTION_nan,z_score_FLAG_LOCAL_GENERAL_0.0,z_score_FLAG_LOCAL_GENERAL_1.0,z_score_FULL_NAME_Технические работы,z_score_FULL_NAME_Поломка оборудования,z_score_FULL_NAME_nan,z_score_SUBCAT_PYRAMID_NAME_Высокий ARPU,z_score_SUBCAT_PYRAMID_NAME_Низкий ARPU,z_score_SUBCAT_PYRAMID_NAME_nan
2023-01-04,,,,,,,,,,,,,,,
2023-01-05,,,,,,,,-1000000.0,,-3.5355289059398083,,,-3.5355289059398083,,
2023-01-06,-0.7071057811879616,,,-0.7071057811879616,,,,-0.5773492691913575,,-2.309397076765431,,,-2.309397076765431,,
2023-01-08,-4.041444884339504,,,,-1000000.0,,,-4.4999910000179995,,,-1000000.0,,,-1000000.0,
2023-01-09,,-3.5355289059398083,,,,-1000000.0,,-2.683275573013164,,-2.4999950000099997,,,-2.4999950000099997,,
2023-01-10,-2.4999950000099997,-2.309397076765431,,-2.886746345956789,,,,-0.6454959743703231,,-2.683275573013164,-1000000.0,,-2.683275573013164,-1000000.0,
2023-01-13,,-2.4999950000099997,,-4.3301195189351835,,,,-4.684310750172633,,,-1000000.0,,-2.8577310332641876,,
2023-01-16,-2.683275573013164,-2.683275573013164,,,-1000000.0,-1000000.0,,-0.8017822257400794,,-2.8577310332641876,-1000000.0,,-3.023707784094984,-1000000.0,
2023-01-18,,-2.8577310332641876,,,-1000000.0,,,,-1000000.0,,-1000000.0,,,-1000000.0,
2023-01-19,,-3.023707784094984,,,,-1000000.0,,,-1000000.0,,-1000000.0,,,,
2023-01-24,,-1000000.0,,,,-1000000.0,,-4.543432612527116,,,-1000000.0,,-1000000.0,,
2023-01-25,-2.8577310332641876,,,,,-1000000.0,,-2.6349247969721064,,,-1000000.0,,,-1000000.0,
2023-01-27,,-1000000.0,,,,-1000000.0,,-2.6349247969721064,,,-1000000.0,,,-1000000.0,
2023-01-29,-0.5855388437715793,-1000000.0,,-1.0954431150139838,-1000000.0,,,-0.8017822257400794,-1000000.0,-3.023707784094984,-0.37796347301187283,,0.9449099325247214,,
2023-01-31,,-1000000.0,,-4.564346312558266,,,,,-1000000.0,,-5.6694520951780945,,,-1000000.0,
2023-02-01,-4.684310750172632,-1000000.0,,-2.672607419133598,-1000000.0,,,-4.684310750172632,-1000000.0,-1000000.0,-3.0237077840949835,,,-0.37796347301187283,
2023-02-03,-3.023707784094984,,,,-1000000.0,,,,-1000000.0,-1000000.0,,,,-5.6694520951780945,
2023-02-05,,-1000000.0,,,-1000000.0,,,,-1000000.0,,-3.0237077840949835,,,-3.0237077840949835,
2023-02-06,-3.023707784094984,,,-2.672607419133598,,,,,-1000000.0,,-3.0237077840949835,,,-3.0237077840949835,
2023-02-08,-3.023707784094984,,,-2.6349247969721064,,,,-2.6349247969721064,,-1000000.0,,,-4.346585689613719,,
2023-02-09,,-1000000.0,,,,-1000000.0,,-3.023707784094983,,,-3.0237077840949835,,-1.7008378785444989,,
2023-02-11,-3.023707784094984,,,-3.023707784094983,,,,,-1000000.0,,-3.0237077840949835,,-1.7008378785444989,,
2023-02-13,,-1000000.0,,-3.023707784094983,,,,,-1000000.0,,-1000000.0,,-1.7008378785444989,,
2023-02-15,,-1000000.0,,-1000000.0,,,,,-1000000.0,,-1000000.0,,-1.7008378785444989,,
2023-02-16,-3.023707784094984,-1000000.0,,-1000000.0,,-1000000.0,,-3.023707784094983,-1000000.0,-1000000.0,-1000000.0,,-0.5447040870951098,,
2023-02-18,-0.3779634730118729,,,,,-0.37796347301187283,,,-0.37796347301187283,-1000000.0,-1000000.0,,,-0.5855388437715793,
2023-02-19,-5.669452095178095,,,,,-5.6694520951780945,,,-5.6694520951780945,-1000000.0,,,-5.6694520951780945,,
2023-02-20,0.726272116126813,-1000000.0,,-0.3779634730118728,-1000000.0,-3.0237077840949835,,-3.023707784094983,0.726272116126813,-1000000.0,0.9449099325247214,,-0.5855388437715795,-2.672607419133598,
2023-02-23,-4.357632696760878,-0.3779634730118729,,,-1000000.0,-0.5855388437715793,,-0.5855388437715795,-4.357632696760878,-0.3779634730118729,-4.346585689613719,,-4.684310750172634,-2.939868161046957,
2023-02-26,-1.8156802903170324,,,,-1000000.0,,,-5.669452095178094,,,-1.7008378785444989,,-2.634924796972107,,
2023-02-28,,-5.669452095178095,,,,-4.684310750172632,,-3.023707784094983,,,-1.7008378785444989,,-2.634924796972107,,
2023-03-03,,-3.023707784094984,,,,,,-3.023707784094983,,,-1.7008378785444989,,,-4.543432612527115,
2023-03-04,-0.726272116126813,-3.023707784094984,,-5.669452095178094,,-0.8017822257400794,,-3.023707784094983,-0.726272116126813,-0.5447040870951098,,,-0.8017822257400795,-2.6726074191335973,
2023-03-05,,-3.023707784094984,,,,-4.543432612527115,,-3.023707784094983,,,-1.7008378785444989,,,,-1000000.0
2023-03-06,,,,,,-2.634924796972106,,-3.023707784094983,,,-1.7008378785444989,,-4.684310750172634,,
2023-03-10,-3.268224522570658,,,-3.023707784094983,,,,,-3.268224522570658,,-1000000.0,,-2.634924796972107,,
2023-03-11,0.3003753888039137,,,,0.9449099325247214,,,-1000000.0,-0.9449099325247213,-3.268224522570658,-1000000.0,,-3.023707784094983,-1.0690429676534388,
2023-03-12,-3.9048800544508766,-3.023707784094984,,-0.5855388437715795,,,,,-2.2677838380593314,-3.268224522570658,-1000000.0,,,-3.513233062629474,
2023-03-13,-1.8156802903170324,,,-4.684310750172634,,,,-1000000.0,,,-1000000.0,,,,-1000000.0
2023-03-17,-1.8156802903170324,-3.023707784094984,,,,-2.634924796972106,-1000000.0,-0.3779634730118728,,,-0.3779634730118728,,,-3.513233062629474,
2023-03-20,-1.8156802903170324,,,-2.634924796972107,,,,-5.669452095178094,,-1.9972483193487356,,,-3.023707784094983,,
2023-03-21,-1.7008378785444986,,,-2.634924796972107,,,,,-3.5906577435939417,,-5.669452095178094,,-3.023707784094983,,
2023-03-22,-1.7008378785444986,,,-3.023707784094983,,,,,-2.672607419133598,,-3.023707784094983,,,-4.810693354440474,
2023-03-23,-1000000.0,-1000000.0,,,,-0.8017822257400792,,-3.023707784094983,-2.672607419133598,-1.9972483193487356,-3.023707784094983,,-0.5855388437715795,,
2023-03-24,-0.37796347301187255,,,-3.023707784094983,-4.346585689613719,,,-0.5855388437715795,,,-0.5855388437715792,,-5.669452095178094,-2.6726074191335973,
2023-03-25,,-1000000.0,,-3.023707784094983,,,,-4.684310750172634,,-1.9972483193487356,,,-3.023707784094983,,
2023-03-27,-5.66945209517809,-1000000.0,,,,-4.684310750172632,-1000000.0,-2.634924796972107,-2.6349247969721072,-0.726272116126813,,,-3.023707784094983,-2.6726074191335973,
2023-03-29,-3.0237077840949813,,,,,-2.634924796972106,,-2.634924796972107,,-4.684310750172633,,,-3.023707784094983,,
2023-03-31,-3.0237077840949813,,,,-1.7008378785444989,,,,-2.6349247969721072,,-4.6843107501726315,,-3.023707784094983,,
2023-04-01,,-0.3779634730118729,,,,-0.5855388437715793,,-3.023707784094983,-3.0237077840949866,-3.023707784094985,-2.6349247969721055,,-3.023707784094983,-2.6726074191335973,
2023-04-02,,-5.669452095178095,,-1000000.0,,,,,-1000000.0,-3.023707784094985,,,,-2.634924796972106,
2023-04-04,-3.0237077840949813,,,,-1.7008378785444989,,,-3.023707784094983,,-3.023707784094985,,,-1000000.0,,
2023-04-06,-3.0237077840949813,-3.023707784094984,,,,-2.6726074191335973,,,-0.3779634730118732,-0.5855388437715794,,,-0.3779634730118728,,
2023-04-08,-3.0237077840949813,-0.5855388437715793,,,-1.7008378785444989,-2.939868161046957,,-3.023707784094983,-2.6349247969721072,-2.6726074191335973,-3.023707784094983,,-5.669452095178094,-0.5855388437715793,
2023-04-10,-1000000.0,,,,-1.7008378785444989,,,-1000000.0,,,-3.023707784094983,,-3.023707784094983,,
2023-04-12,-1000000.0,,,,-1.7008378785444989,,,-1000000.0,,-4.684310750172633,,,,-5.669452095178092,
2023-04-13,-1000000.0,-4.684310750172632,,-1000000.0,,-4.810693354440474,,-1000000.0,-4.684310750172635,-2.6349247969721064,-3.023707784094983,,,-3.023707784094982,-1000000.0
2023-04-14,,-2.6349247969721064,,-1000000.0,,,,-1000000.0,,-2.6349247969721064,,,,-3.023707784094982,
2023-04-15,,-0.8017822257400794,,,,-1.0690429676534388,,,-0.8017822257400795,-2.6349247969721064,,,-0.5855388437715795,,
2023-04-16,-1000000.0,,,,-1000000.0,,,,-4.543432612527117,-2.6349247969721064,,,-4.684310750172634,,
2023-04-17,-1000000.0,-4.684310750172632,,-1000000.0,,-4.810693354440474,,-0.3779634730118728,,,-0.5855388437715792,,-2.634924796972107,-3.023707784094982,
2023-04-20,-1000000.0,,,,-1000000.0,,,,-2.6726074191335982,,-5.669452095178094,,-2.634924796972107,,
2023-04-21,-1000000.0,,,,-1000000.0,,,-5.669452095178094,,,-3.023707784094983,,-3.023707784094983,,
2023-04-22,-1000000.0,,,,-1000000.0,,,-3.023707784094983,,-3.023707784094985,,,-3.023707784094983,,
2023-04-25,,-2.634924796972106,,,-1000000.0,,,-3.023707784094983,,-1000000.0,,,-3.023707784094983,,
2023-04-26,,-0.8017822257400792,,-1000000.0,-1000000.0,,,,-1.069042967653439,-0.377963473011873,,,-0.3779634730118728,,
2023-04-27,,-4.684310750172632,,-1000000.0,,,,-3.023707784094983,,-5.669452095178097,,,-5.669452095178094,,
2023-04-30,,-2.634924796972106,,,,-2.939868161046957,,-3.023707784094983,,-3.023707784094985,,,-3.023707784094983,,
2023-05-01,,-0.8017822257400792,,,-1000000.0,-2.6726074191335973,,-3.023707784094983,-4.543432612527117,-3.023707784094985,-3.023707784094983,,-3.023707784094983,-3.023707784094982,
2023-05-02,,-4.684310750172632,,,,-2.634924796972106,,-1000000.0,,-3.023707784094985,,,,-3.023707784094982,
2023-05-05,-1000000.0,,,-1000000.0,,,,-1000000.0,,-3.023707784094985,,,,-1000000.0,
2023-05-07,-1000000.0,-2.634924796972106,,-1000000.0,-1000000.0,,,,-0.8017822257400795,-3.023707784094985,-3.023707784094983,,-0.5855388437715795,,
2023-05-09,,-2.634924796972106,,,,-3.023707784094982,,,-4.543432612527117,,-3.023707784094983,,,-1000000.0,
2023-05-11,-1000000.0,,,,,-3.023707784094982,,-1000000.0,,,-3.023707784094983,,,-1000000.0,
2023-05-13,,-0.5855388437715793,,-1000000.0,,-1000000.0,,-1000000.0,-2.6349247969721072,-0.377963473011873,,,-4.684310750172634,-1000000.0,
2023-05-14,-1000000.0,,,-1000000.0,,,,,-2.6349247969721072,-5.669452095178097,,,-2.634924796972107,,
2023-05-16,-0.37796347301187255,-2.6726074191335973,,1.3858685121460221,,,,-0.3779634730118728,-0.8017822257400795,-0.5855388437715794,-0.3779634730118728,,-0.5855388437715795,-0.37796347301187266,
2023-05-18,-5.66945209517809,,,,,-1000000.0,,-5.669452095178094,,-4.684310750172633,,,,-5.669452095178092,
2023-05-19,-3.0237077840949813,,,,,-1000000.0,,-3.023707784094983,,,-5.669452095178094,,,-3.023707784094982,
2023-05-22,,-4.543432612527115,,-3.9056294433206085,,,,-3.023707784094983,,-2.6349247969721064,,,,-3.023707784094982,
2023-05-25,,-2.634924796972106,,-1.259880465587293,,,,,-4.684310750172635,-2.6349247969721064,,,,-3.023707784094982,
2023-05-27,-3.0237077840949813,,,,-1000000.0,,,,-2.6349247969721072,,,-1000000.0,,-3.023707784094982,
2023-05-28,,-0.8017822257400792,,-0.5039521862349171,,,,,-0.5855388437715796,-2.6349247969721064,-3.023707784094983,,-4.684310750172634,,-1000000.0
2023-05-30,-3.0237077840949813,,,,-1000000.0,,,-3.023707784094983,,,-3.023707784094983,,,-3.023707784094982,
2023-05-31,,-4.543432612527115,,-2.267784838057127,,,,,-4.684310750172635,-3.023707784094985,,,,-1000000.0,
2023-06-01,,-2.6726074191335973,,-1.3858685121460221,,,,-3.023707784094983,,-3.023707784094985,,,-2.634924796972107,,
2023-06-05,-3.0237077840949813,-2.634924796972106,,,-1000000.0,-1000000.0,,,-0.8017822257400795,-1000000.0,-3.023707784094983,,-2.634924796972107,,-1000000.0
2023-06-06,-3.0237077840949813,,,-1.3858685121460221,,,,-3.023707784094983,,-1000000.0,,,,-1000000.0,
2023-06-07,,-3.023707784094982,,-3.0237077840949813,,,,,-4.543432612527117,,-3.023707784094983,,-3.023707784094983,,
2023-06-08,,-3.023707784094982,,,-1000000.0,,,,-2.6349247969721072,-1000000.0,,,-3.023707784094983,,
2023-06-09,-1000000.0,-3.023707784094982,,,-0.3779634730118728,,,,-0.8017822257400795,-1000000.0,-3.023707784094983,,,-0.37796347301187266,
2023-06-12,-0.37796347301187255,,,-3.0237077840949813,-5.669452095178094,,,-0.3779634730118728,,-1000000.0,-1000000.0,,-3.023707784094983,-5.669452095178092,
2023-06-14,,-1000000.0,,,,-1000000.0,,-5.669452095178094,,,-1000000.0,,,-3.023707784094982,
2023-06-15,,-1000000.0,,-3.0237077840949813,,,,,-4.543432612527117,-1000000.0,,,-1000000.0,,
2023-06-16,-5.66945209517809,,,,,-1000000.0,,,-2.6349247969721072,,-1000000.0,,,-3.023707784094982,
2023-06-20,,-1000000.0,,-1000000.0,,,,,-2.6349247969721072,-1000000.0,,,-1000000.0,,
2023-06-21,,-1000000.0,,-1000000.0,,,,,-3.0237077840949866,,-1000000.0,,,-3.023707784094982,
2023-06-22,-3.0237077840949813,,,-1000000.0,,,,,-3.0237077840949866,-1000000.0,,,-1000000.0,,
2023-06-23,,-1000000.0,,,,-1000000.0,,,-3.0237077840949866,-1000000.0,,,,-3.023707784094982,
2023-06-27,-3.0237077840949813,-1000000.0,,,-3.023707784094983,-1000000.0,,-3.023707784094983,-1000000.0,-1000000.0,-1000000.0,,-1000000.0,-3.023707784094982,
2023-06-29,-3.0237077840949813,,,,-3.023707784094983,,,,-1000000.0,,-1000000.0,,-1000000.0,,
2023-07-06,,-1000000.0,,-1000000.0,,,,-3.023707784094983,,-1000000.0,,,-1000000.0,,
2023-07-08,-3.0237077840949813,,,,,-1000000.0,,-3.023707784094983,,-1000000.0,,,-1000000.0,,
2023-07-10,,-1000000.0,,,-3.023707784094983,,,,-1000000.0,,-1000000.0,,,-1000000.0,
2023-07-12,-3.0237077840949813,,,,-3.023707784094983,,,,-1000000.0,-1000000.0,,,-1000000.0,,
2023-07-13,-1000000.0,-1000000.0,,-1000000.0,-3.023707784094983,,,-0.5855388437715795,,,-0.3779634730118728,,-0.3779634730118728,,
2023-07-15,-1000000.0,,,,,-1000000.0,,-4.684310750172634,,-1000000.0,,,,-1000000.0,
2023-07-17,-1000000.0,,,-1000000.0,,,,-3.023707784094983,,-1000000.0,,,-5.669452095178094,,
2023-07-19,-1000000.0,,,,-1000000.0,,,,-1000000.0,,-5.669452095178094,,,-1000000.0,
2023-07-22,-1000000.0,,,,,-1000000.0,,-3.023707784094983,,-1000000.0,,,,-1000000.0,
2023-07-24,-0.37796347301187255,,,,-0.3779634730118728,,,-3.023707784094983,-1000000.0,-1000000.0,-3.023707784094983,,-0.5855388437715795,,
2023-07-28,-5.66945209517809,,,,,-1000000.0,,,-1000000.0,,-3.023707784094983,,,-1000000.0,
2023-08-01,-3.0237077840949813,,,,-5.669452095178094,,,-3.023707784094983,,,-3.023707784094983,,-4.684310750172634,,
2023-08-02,-3.0237077840949813,-1000000.0,,-0.37796347301187255,,,,-3.023707784094983,-1000000.0,-1000000.0,-3.023707784094983,,-2.634924796972107,-1000000.0,
2023-08-03,-3.0237077840949813,,,-5.66945209517809,,,,,-1000000.0,-1000000.0,,,-2.634924796972107,,
2023-08-04,,-0.37796347301187266,,-3.0237077840949813,,-1000000.0,,,-0.3779634730118732,,-0.5855388437715792,,-2.634924796972107,-1000000.0,
2023-08-06,-3.0237077840949813,-5.669452095178092,,,-0.5855388437715792,,,,-2.6349247969721072,,-2.6349247969721055,,,-0.37796347301187266,
2023-08-11,-3.0237077840949813,,,,,-1000000.0,,-1000000.0,,,-4.6843107501726315,,,-5.669452095178092,
2023-08-12,-1000000.0,,,,,-1000000.0,,-1000000.0,,,-2.6349247969721055,,-3.023707784094983,,
2023-08-13,-1000000.0,,,,-4.6843107501726315,,,,-4.684310750172635,,-2.6349247969721055,,,-3.023707784094982,
2023-08-14,,-3.023707784094982,,-3.0237077840949813,,,,,-2.6349247969721072,-1000000.0,,,-3.023707784094983,,
2023-08-18,-1000000.0,-3.023707784094982,,,-0.8017822257400791,,,,-0.8017822257400795,-1000000.0,-2.6349247969721055,,-0.3779634730118728,,
2023-08-20,0.9449099325247213,0.726272116126813,,-0.5855388437715792,-0.9449099325247213,-1000000.0,,-0.3779634730118728,0.13363049595632906,0.9449099325247214,0.5447040870951096,,-0.5447040870951099,-0.5855388437715793,-1000000.0
2023-08-22,-4.346585689613718,,,,-4.913531649128552,,,,-4.543436862515191,,-4.357632696760877,,-4.357632696760879,,
2023-08-26,,-4.357632696760878,,,,-1000000.0,,-5.669452095178094,,,-1.7008378785444989,,-1.8156802903170326,,
2023-08-27,-1.7008378785444986,,,-4.6843107501726315,,,,,-1.540656388425146,-4.346585689613719,,,,-4.684310750172632,
2023-08-28,-1.7008378785444986,-0.726272116126813,,,-0.9449099325247213,-1000000.0,,,0.11757917347632914,0.439154582827301,,,-0.7262721161268131,-2.6349247969721064,
2023-08-30,-1.7008378785444986,-1.9972483193487358,,-0.8017822257400792,,-1000000.0,,,-1.7636876021449375,,0.439154582827301,,-3.2682245225706588,-0.8017822257400795,
2023-09-01,-1.7008378785444986,-3.2682245225706583,,-4.6843107501726315,,-1000000.0,,-0.5855388437715795,,,-2.853566193637179,,-0.9449099325247219,,
2023-09-02,-1.7008378785444986,,,,,-1000000.0,,-4.684310750172634,,-3.6596215235608414,,,-3.2682245225706588,,
2023-09-03,,-1.9972483193487358,,-2.6349247969721055,,,,-2.634924796972107,,,-2.853566193637179,,-2.6349247969721072,,
2023-09-06,-1000000.0,,,,-3.5906577435939417,,,,-3.4097960308135455,,-1.8022523328234812,,-2.6349247969721072,,
2023-09-07,-1000000.0,-1.9972483193487358,,,-1.997248319348735,-1000000.0,,,-0.9406333878106333,,-0.7262721161268128,,-2.6349247969721072,-4.684310750172632,
2023-09-10,,-2.6349247969721064,,,-1.997248319348735,,,,-2.8535661936371794,-1.6102334703667702,,,,-2.6349247969721064,
2023-09-11,-1000000.0,,,-2.6349247969721055,,,,,-1.8022523328234816,,-3.268224522570657,,,-2.6349247969721064,
2023-09-13,,-2.6349247969721064,,,-1.815680290317032,,,,-1.8022523328234816,,-1.997248319348735,,-3.023707784094985,,
2023-09-14,-1000000.0,,,,,-1000000.0,,,-1.815680290317033,-1.6102334703667702,,,-3.023707784094985,,
2023-09-15,-1000000.0,,,,,-1000000.0,,,-3.0237077840949924,-1.6102334703667702,,,,-3.023707784094982,
2023-09-17,,-3.023707784094983,,,-3.0237077840949804,,,-2.634924796972107,,,-2.6349247969721064,,,-3.023707784094982,
2023-09-18,-1000000.0,,,-2.6349247969721055,,,,,-3.0237077840949924,-1.700837878544499,,,,-3.023707784094982,
2023-09-19,,-1000000.0,,-3.023707784094981,,,,-2.634924796972107,,,-3.0237077840949844,,-1000000.0,,
2023-09-20,1.385868512146022,,,-3.023707784094981,-0.585538843771579,-1000000.0,,-3.023707784094983,0.944909932524722,,-0.5855388437715793,-0.5773492691913575,-0.377963473011873,-0.37796347301187266,
2023-09-21,-2.1652492254617717,,,-1000000.0,,-0.37796347301187266,,0.726272116126813,,-0.5447040870951098,-4.684310750172632,,-2.6349247969721077,-5.669452095178092,
2023-09-22,,-1000000.0,,,-5.669452095178087,,,,-4.346585689613722,,-3.0237077840949844,,,-3.023707784094982,
2023-09-23,-2.351583469526583,,,,-3.02370778409498,-5.669452095178092,,-3.086656493538956,,,-0.5855388437715793,,-2.6726074191335996,,
2023-09-24,,-1000000.0,,-1000000.0,,,,-3.086656493538956,,,-4.684310750172632,,-4.54343261252712,,
2023-09-25,-2.351583469526583,-0.3779634730118728,,,-3.02370778409498,-0.5855388437715793,,,0.4391545828273011,-2.6349247969721064,-2.6349247969721064,,-1.0690429676534396,-3.023707784094982,
2023-09-29,-1.528529255192279,,,-1000000.0,,,,-1.8156802903170326,,-4.684310750172632,,,-4.810693354440478,,
2023-10-02,,-5.669452095178094,,,-3.02370778409498,,,,-3.6596215235608414,,-2.6349247969721064,,,-3.023707784094982,
2023-10-06,-1.528529255192279,,,,-3.02370778409498,,,-1.8156802903170326,,,-3.0237077840949844,,-2.9398681610469595,,
2023-10-09,-1.528529255192279,,,,-3.02370778409498,,,,-1.6102334703667704,,-3.0237077840949844,,-2.6726074191335987,,
2023-10-11,-1.8156802903170317,-0.5855388437715795,,-0.3779634730118725,,-4.684310750172632,,-0.7262721161268131,-1.6102334703667704,-2.6349247969721064,-0.5855388437715793,,-0.8017822257400798,-3.023707784094982,
2023-10-12,-3.0237077840949786,,,,,-2.6349247969721064,,-3.2682245225706588,,,-5.669452095178096,,-4.684310750172635,,
2023-10-15,,-2.6726074191335982,,,-1000000.0,-2.6349247969721064,,,-0.7509384720097838,-2.6349247969721064,-3.0237077840949844,,-2.6349247969721077,-3.023707784094982,
2023-10-20,1.6063479477899183,,,-2.6349247969721055,-1000000.0,-0.8017822257400795,,-2.6349247969721072,0.1175791734763291,-2.6349247969721064,1.2598804655872928,,-3.023707784094985,1.3858685121460221,
2023-10-24,,-4.543432612527117,,-4.6843107501726315,,,,-3.023707784094985,,,-4.031617489879337,,,-3.9056294433206085,
2023-10-25,,-2.6726074191335982,,-2.6349247969721055,,,,,-3.9976918981951917,,-1.385868512146022,,-3.023707784094985,,
2023-10-26,,-2.6726074191335982,,,-1000000.0,,,,-1.3858685121460221,-2.6349247969721064,,,,-1.259880465587293,
2023-10-28,-3.1512026133106192,,,,-1000000.0,-4.684310750172632,,-3.023707784094985,-1.3858685121460221,,-0.6419401618438108,,-0.5855388437715796,,
2023-10-29,,-2.634924796972107,,,,-2.6349247969721064,,,-1.3858685121460221,-3.023707784094984,,,,-1.259880465587293,
2023-10-31,-1.8143287773606598,,,,-1000000.0,,,-3.023707784094985,,,-2.2677848380571266,,,-1.259880465587293,
2023-11-01,-1.1458918593856797,,,-2.6349247969721055,,,,-3.023707784094985,,-1000000.0,,,-4.684310750172635,,
2023-11-02,-1.1458918593856797,-2.634924796972107,,,,-0.5855388437715793,,-1000000.0,-1.3858685121460221,-0.3779634730118729,,,-3.023707784094985,-1.259880465587293,
2023-11-03,,-3.023707784094983,,,-1000000.0,,,-1000000.0,,-5.669452095178095,,,,-1.259880465587293,
2023-11-10,,-1000000.0,,-2.6349247969721055,,,,-1000000.0,,,-1.385868512146022,,,-1000000.0,
2023-11-13,,-1000000.0,,,,-4.684310750172632,,-1000000.0,,,-1.385868512146022,,,-1000000.0,
2023-11-14,,-1000000.0,,,-1000000.0,,,,-1.2598804655872933,,-3.0237077840949844,,,-1000000.0,
2023-11-15,,-1000000.0,,,-1000000.0,,,,-1000000.0,-3.023707784094984,,,-3.023707784094985,,
2023-11-16,-0.5855396437693932,,,-2.6349247969721055,,-2.6349247969721064,,,-0.3779634730118741,-3.023707784094984,-3.0237077840949844,,-3.023707784094985,-1000000.0,
2023-11-17,,-1000000.0,,,-1000000.0,,,,-5.669452095178114,,-3.0237077840949844,,-3.023707784094985,,
2023-11-20,-1.9517988125646437,,,,,-2.6349247969721064,,,-3.0237077840949937,,-1000000.0,,-3.023707784094985,,
2023-11-21,-2.6349247969721046,-1000000.0,,-3.023707784094981,,-3.023707784094982,,-1000000.0,-3.0237077840949937,-0.5855388437715793,,,,-1000000.0,-1000000.0
2023-11-24,-0.5855388437715789,,,-1000000.0,,-3.023707784094982,,,-0.58553884377158,-2.672607419133598,,,-1000000.0,-1000000.0,
2023-11-28,,-1000000.0,,,-1000000.0,,,,-4.684310750172639,-4.543432612527115,,,,-1000000.0,
2023-11-30,-2.6726074191335956,,,-1000000.0,,-3.023707784094982,,,-0.8017822257400795,-2.634924796972106,-1000000.0,,-0.377963473011873,,
2023-12-02,,-1000000.0,,-1000000.0,,,,,-4.6843107501726395,-2.634924796972106,,,-5.669452095178097,,
2023-12-03,,-1000000.0,,-1000000.0,,,,-1000000.0,,,-1000000.0,,,-1000000.0,
2023-12-04,-4.543432612527113,,,,,-1000000.0,,-1000000.0,,,-1000000.0,,-3.023707784094985,,
2023-12-07,-1.069042967653438,,,-1000000.0,-1000000.0,,,-0.377963473011873,,-2.634924796972106,,-4.4999910000179995,,-0.3779634730118728,
2023-12-09,-4.543432612527113,,,,,-1000000.0,,,-2.63492479697211,-2.634924796972106,,,,-5.669452095178094,
2023-12-11,-2.6726074191335956,-1000000.0,,,-1000000.0,-1000000.0,,,-0.8017822257400795,,-0.37796347301187294,,-0.5855388437715796,,
2023-12-12,-1.069042967653438,-1000000.0,,-1000000.0,,-1000000.0,-1000000.0,-5.669452095178097,-2.9398681610469564,0.726272116126813,,,-4.684310750172635,-0.5855388437715794,
2023-12-14,,-1000000.0,,,-1000000.0,,,,-4.543432612527117,-4.346585689613718,,,-2.6349247969721077,,
2023-12-16,,-0.3779634730118728,,,-0.3779634730118724,,,-3.023707784094985,-2.6726074191335982,-1.7008378785444986,-5.669452095178096,,-0.8017822257400798,,
2023-12-20,-2.939868161046955,,,,-5.669452095178087,-1000000.0,,,-0.8017822257400795,-0.5447040870951098,,,,-2.6726074191335982,
2023-12-23,-4.543432612527113,-5.669452095178094,,-1000000.0,,-1000000.0,,-3.023707784094985,-4.543432612527117,-3.0866564935389555,-3.0237077840949844,,-4.684310750172635,-4.543432612527117,
2023-12-25,,-0.5855388437715795,,,-0.585538843771579,,,,-1.0690429676534385,,-0.5855388437715793,,-2.6349247969721077,-2.6726074191335982,
2023-12-27,-2.6726074191335956,,,,,-1000000.0,,-3.023707784094985,,-1.8156802903170324,,,,-2.6726074191335982,
2023-12-29,,-4.684310750172634,,,-4.684310750172631,,,,-4.543432612527117,,-4.684310750172632,,,-2.634924796972107,
2023-12-30,-2.6349247969721046,,,-1000000.0,,,,,-2.63492479697211,,-2.6349247969721064,,-2.6349247969721077,,
2023-12-31,,-2.634924796972107,,-1000000.0,,,,,-2.63492479697211,,-2.6349247969721064,,,-2.634924796972107,
2024-01-01,,0.5447040870951099,,,-0.8017822257400792,-1000000.0,,,0.5447040870951096,-0.726272116126813,-3.0237077840949844,,-3.023707784094985,-0.5855388437715795,
2024-01-09,,-4.539200725792582,,,,-1000000.0,,,-4.357632696760879,-4.6843107501726315,,,,-5.669452095178094,
2024-01-10,-2.6349247969721046,-1.8156802903170326,,-1000000.0,-4.543432612527115,,,-3.023707784094985,-1.8156802903170326,,-0.5855388437715793,,-3.023707784094985,-3.023707784094983,
2024-01-11,-2.6349247969721046,,,-1000000.0,,,,-3.023707784094985,,-2.6349247969721055,,,-3.023707784094985,,
2024-01-12,,-1.8156802903170326,,,,,-1000000.0,,-1.7008378785445,,-4.684310750172632,,-1000000.0,,
2024-01-15,,-0.5447040870951099,,,-2.6726074191335973,-1000000.0,,,-0.5447040870951099,-2.6349247969721055,-3.0237077840949844,,-1000000.0,-3.023707784094983,
2024-01-16,-3.023707784094981,-3.086656493538956,,,-2.634924796972105,-1000000.0,,-1000000.0,-3.086656493538956,,-0.5855388437715793,,,-0.5855388437715795,
2024-01-17,,-1.8156802903170326,,-1000000.0,,,,-1000000.0,,,-4.684310750172632,,,-4.684310750172634,
2024-01-18,,-3.0237077840949818,,-1000000.0,,,,-1000000.0,,,-2.6349247969721064,,-1000000.0,,
2024-01-20,,-0.5855388437715793,,-1000000.0,-2.634924796972105,,,,-0.7262721161268128,-3.0237077840949826,-2.6349247969721064,,-1000000.0,-2.634924796972107,
2024-01-21,-1000000.0,,,-1000000.0,,,,,-4.6843107501726395,-3.0237077840949826,,,,-3.023707784094983,
2024-01-22,-1000000.0,-4.684310750172632,,-1000000.0,,-1000000.0,,,-0.8017822257400795,,-0.5855388437715793,,-1000000.0,-3.023707784094983,
2024-01-24,,-2.6349247969721064,,,,-1000000.0,,-1000000.0,,,-4.684310750172632,,-1000000.0,,
2024-01-25,,-3.0237077840949813,,,,,-1000000.0,,-4.543432612527117,-3.0237077840949826,,,,-3.023707784094983,
2024-01-29,-1000000.0,,,,-3.02370778409498,,,,-2.6726074191335982,,-2.6349247969721064,,,-3.023707784094983,
2024-01-30,0.9449099325247211,-3.0237077840949813,,-1000000.0,-0.585538843771579,-1000000.0,,0.9449099325247216,-2.63492479697211,-0.3779634730118727,-0.5855388437715793,,,1.3858685121460221,
2024-01-31,-4.346585689613717,,,-1000000.0,,,,-4.34658568961372,,-5.669452095178093,,,,-3.9056294433206085,
2024-02-01,,-3.0237077840949813,,,,-1000000.0,,,-2.63492479697211,,-4.684310750172632,,,-1.259880465587293,
2024-02-02,,-3.0237077840949813,,,,-1000000.0,,-1.700837878544499,,-3.0237077840949826,,,,-1.259880465587293,
2024-02-04,-1.7008378785444984,-1000000.0,,-1000000.0,,-1000000.0,,-1.700837878544499,-3.023707784094995,-0.5855388437715792,,,-1000000.0,-1.259880465587293,
2024-02-05,,-1000000.0,,,,-1000000.0,,-1.700837878544499,,-4.6843107501726315,,,,-1.259880465587293,
2024-02-08,,-1000000.0,,,-5.669452095178087,,,-1.700837878544499,,-2.6349247969721055,,,-1000000.0,,
2024-02-09,,-0.3779634730118726,,-1000000.0,,-1000000.0,,-1.700837878544499,-3.023707784094995,,-0.8017822257400792,,-0.377963473011873,,
2024-02-10,,-5.669452095178091,,,,-1000000.0,,,-1000000.0,,-4.543432612527115,,-5.669452095178097,,
2024-02-11,,-3.0237077840949818,,,,-1000000.0,,,-1000000.0,-2.6349247969721055,,,-3.023707784094985,,
2024-02-13,-1.7008378785444984,,-1000000.0,-1000000.0,-3.02370778409498,,,-1000000.0,-1000000.0,-3.0237077840949826,-2.6349247969721064,,-3.023707784094985,-1.259880465587293,
2024-02-14,-1.7008378785444984,,,-1000000.0,,,,,-1000000.0,-3.0237077840949826,,,,,-1000000.0
2024-02-15,,0.7262721161268131,,-0.3779634730118725,,-1000000.0,,-0.3779634730118729,-1000000.0,-0.5855388437715792,-2.6349247969721064,,,0.9449099325247216,
2024-02-16,-1.7008378785444984,,,-5.669452095178089,,,,-5.669452095178095,,-5.669452095178093,,,,-4.34658568961372,
2024-02-17,,,-1000000.0,-3.023707784094981,,,,-3.023707784094984,,-3.0237077840949826,,,-3.023707784094985,,
2024-02-19,-1.7008378785444984,-3.2682245225706597,,-0.5855388437715792,,-1000000.0,,-0.5855388437715796,-1000000.0,-3.0237077840949826,-0.8017822257400792,,-0.5855388437715796,-1.700837878544499,
2024-02-20,,-3.2682245225706597,,,-3.02370778409498,,,,-1000000.0,-3.0237077840949826,,,,-1.700837878544499,
2024-02-22,-0.37796347301187255,,,-4.6843107501726315,,-1000000.0,,,-0.3779634730118743,,-2.6726074191335973,,,-0.5447040870951099,
2024-02-25,,-1.9972483193487367,,,,-1000000.0,,,-5.669452095178116,-3.0237077840949826,,,,-3.086656493538956,
2024-02-27,,0.9406333878106337,,-2.6349247969721055,-0.585538843771579,-1000000.0,,0.25677606473752457,,-0.5855388437715792,-4.543432612527115,-2.683275573013164,-4.684310750172635,0.30037538880391373,
2024-03-01,-5.66945209517809,,,-2.6349247969721055,,,,-4.236805068169154,,,-2.6349247969721064,,,-4.357632696760879,
2024-03-02,,-3.9976918981951934,,,-4.684310750172631,,,,-3.023707784094995,-5.669452095178093,,,,-1.8156802903170326,
2024-03-04,-3.0237077840949813,,,,-2.634924796972105,,,-1.5406563884251467,,-3.0237077840949826,,,-3.023707784094985,,
2024-03-08,-0.5855388437715789,,,-3.023707784094981,,-1000000.0,,-0.6419401618438111,,-0.5855388437715792,,,,-0.7262721161268131,
2024-03-09,,-0.8660246537850886,,,,-0.37796347301187266,,,-0.5855388437715802,-4.6843107501726315,-2.6349247969721064,,-3.023707784094985,-3.2682245225706588,
2024-03-10,-4.68431075017263,,,-3.023707784094981,,,,-2.4393726150064827,,-2.6349247969721055,,,,-1.8156802903170326,
2024-03-11,,-2.4393726150064823,,,-3.02370778409498,,,,-4.6843107501726395,,-2.6349247969721064,,,-1.8156802903170326,
2024-03-12,,-1.3858685121460221,,-3.023707784094981,,,,,-2.63492479697211,,-2.6349247969721064,,-3.023707784094985,,
2024-03-13,,-1.3858685121460221,,,-3.02370778409498,,,,-2.63492479697211,,-3.023707784094985,,-3.023707784094985,,
2024-03-15,,-1.3858685121460221,,-1000000.0,,,,,-3.023707784094995,,-1000000.0,,-3.023707784094985,,
2024-03-17,-2.6349247969721046,,,,,-5.669452095178092,,-1.5406563884251467,,,-1000000.0,,-1000000.0,,
2024-03-21,-2.6349247969721046,-3.023707784094976,,-1000000.0,,-3.023707784094982,,,-0.5855388437715802,,-0.377963473011873,,,-0.5855388437715795,
2024-03-25,-3.0237077840949813,,,,,-3.023707784094982,,,-4.6843107501726395,-2.6349247969721055,,,-1000000.0,,
2024-03-27,,-3.023707784094976,,,,-3.023707784094982,,-1.3858685121460226,,,-5.669452095178097,,,-4.684310750172634,
2024-03-30,,-0.3779634730118719,,,-0.585538843771579,,,,-0.5855388437715802,,-0.5855388437715794,,,-0.8017822257400795,
2024-03-31,,-2.6349247969721037,,,-2.6726074191335973,,,,-2.6726074191335982,,-2.6726074191335973,,,-2.6726074191335982,
2024-04-01,,-4.684310750172629,,-1000000.0,,,,,-4.543432612527117,-3.0237077840949826,,,,-4.543432612527117,
2024-04-02,-3.0237077840949813,,,,,-3.023707784094982,,-3.0237077840949804,,-3.0237077840949826,,,,-2.6726074191335982,
2024-04-04,,-0.8017822257400791,,,-2.6726074191335973,,,-3.0237077840949804,-2.6726074191335982,,-2.939868161046957,,,-1.0690429676534394,
2024-04-08,-3.0237077840949813,-4.5434326125271145,,,-4.543432612527115,,-1000000.0,-0.5855388437715793,,,-3.5132330626294737,,-1000000.0,-4.543432612527117,
2024-04-09,-1000000.0,,,,,,-1000000.0,-5.669452095178088,,-3.0237077840949826,,,-1000000.0,,
2024-04-12,,-2.6726074191335965,,,-2.6726074191335973,,,-3.0237077840949804,,-1000000.0,,,-1000000.0,,
2024-04-13,,-2.6726074191335965,,,,-3.023707784094982,,,-2.6726074191335982,-1000000.0,,,,,-1000000.0
2024-04-16,,-2.6349247969721037,,,,-1000000.0,,-3.0237077840949804,,,-5.562619015830001,,,-2.6726074191335982,
2024-04-18,-1000000.0,-0.5855388437715788,,-1000000.0,-2.6726074191335973,-1000000.0,,-3.0237077840949804,-0.8017822257400795,-1000000.0,-1.4638471094289474,,-0.377963473011873,-2.634924796972107,
2024-04-20,-1000000.0,,,,,-1000000.0,,,-4.543432612527117,-1000000.0,,,,-3.023707784094983,
2024-04-21,,-0.726272116126813,,,-2.6726074191335973,-1000000.0,-1000000.0,0.726272116126813,,-0.3779634730118727,-5.562619015830001,,-5.669452095178097,-0.5855388437715795,
2024-04-22,-1000000.0,,,,-2.634924796972105,,,-4.357632696760879,,,-2.939868161046957,,,-4.684310750172634,
2024-04-23,-0.37796347301187255,-4.357632696760877,,,-3.02370778409498,-0.37796347301187266,,-0.5447040870951099,-2.63492479697211,,0.3779639730098887,,-0.5855388437715796,-3.023707784094983,
2024-04-27,-5.66945209517809,-1.8156802903170322,,-1000000.0,-1000000.0,,,-1.9972483193487363,,-5.669452095178093,-4.539200725792581,,,-0.5855388437715795,
2024-04-28,,-0.726272116126813,,,,-5.669452095178092,-1000000.0,-2.267783838059333,,-3.0237077840949826,-1.8156802903170324,,-4.684310750172635,-4.684310750172634,
2024-04-29,,-3.268224522570658,,,,-3.023707784094982,,,-3.023707784094995,-3.0237077840949826,,,-2.6349247969721077,,
2024-04-30,-3.0237077840949813,,,,,-3.023707784094982,,-3.5906577435939444,,,,-2.8577310332641876,,-2.634924796972107,
2024-05-03,-3.0237077840949813,,,,-1000000.0,,,,-3.023707784094995,-3.0237077840949826,,,,-2.634924796972107,
2024-05-04,-3.0237077840949813,,,,,-3.023707784094982,,-2.267783838059333,,,-1.8156802903170324,,,-3.023707784094983,
2024-05-07,-3.0237077840949813,-1.9972483193487356,,-1000000.0,,-3.023707784094982,,-2.6726074191335982,-3.023707784094995,-3.0237077840949826,-1.7008378785444986,,-2.6349247969721077,-3.023707784094983,
2024-05-09,-3.0237077840949813,,,-1000000.0,,,,-2.6726074191335982,,,-1.7008378785444986,,,-3.023707784094983,
2024-05-10,-1000000.0,,,,,-3.023707784094982,,,-3.023707784094995,,-1.7008378785444986,,-2.6349247969721077,,
2024-05-15,-0.37796347301187255,,,,-1000000.0,-1000000.0,,-2.6349247969721055,-1000000.0,-3.0237077840949826,-1000000.0,,-3.023707784094985,-1000000.0,
2024-05-17,-5.66945209517809,,,-1000000.0,,,,,-1000000.0,,-1000000.0,,-3.023707784094985,,
2024-05-19,-3.0237077840949813,,-1000000.0,,-0.3779634730118724,,,-3.0237077840949795,-1000000.0,-1000000.0,-1000000.0,,,-0.3779634730118728,
2024-05-21,,-1.8156802903170322,,,,-1000000.0,,,-1000000.0,,-1000000.0,,,-5.669452095178094,
2024-05-22,,-3.0237077840949778,,-1000000.0,,,,,-1000000.0,,-1000000.0,,-1000000.0,,
2024-05-23,,-3.0237077840949778,,,,-1000000.0,,,-1000000.0,-1000000.0,,,,-3.023707784094983,
2024-05-24,-3.0237077840949813,,,,-5.669452095178087,,,-1000000.0,,-1000000.0,,,,-3.023707784094983,
2024-05-26,-3.0237077840949813,-3.0237077840949778,,,-3.02370778409498,-1000000.0,,,-0.3779634730118743,-1000000.0,-1000000.0,,-0.377963473011873,,
2024-05-27,-3.0237077840949813,,,-1000000.0,,,,-1000000.0,,-1000000.0,,,-5.669452095178097,,
2024-05-30,,-1000000.0,,-1000000.0,,,,,-5.669452095178116,-1000000.0,,,,-3.023707784094983,
2024-06-01,-3.0237077840949813,,,,,-1000000.0,,-1000000.0,,-1000000.0,,,,-3.023707784094983,
2024-06-04,-1000000.0,-1000000.0,,-1000000.0,,-1000000.0,,-0.37796347301187233,,-1000000.0,-1000000.0,,-3.023707784094985,-3.023707784094983,
2024-06-06,,-1000000.0,,,-3.02370778409498,,,-5.669452095178087,,,-1000000.0,,-3.023707784094985,,
2024-06-11,,-1000000.0,,,-3.02370778409498,,,-3.0237077840949795,,-1000000.0,,,,-1000000.0,
2024-06-13,-1000000.0,,,-1000000.0,,,,,-3.023707784094995,-1000000.0,,,-3.023707784094985,,
2024-06-14,-1000000.0,,,,,-1000000.0,,-3.0237077840949795,,,-1000000.0,,,-1000000.0,
2024-06-16,-1000000.0,-1000000.0,,-0.3779634730118725,,,,-3.0237077840949795,-3.023707784094995,-1000000.0,-1000000.0,,-3.023707784094985,-1000000.0,
2024-06-18,,-0.3779634730118721,,,-3.02370778409498,-1000000.0,,-0.5855388437715792,,-1000000.0,-1000000.0,,-3.023707784094985,-1000000.0,
2024-06-19,,-5.669452095178084,,-5.669452095178089,,,,-4.6843107501726315,,,-1000000.0,,,-1000000.0,
2024-06-20,-1000000.0,-3.0237077840949778,,,-0.585538843771579,,,-0.5855388437715792,,-1000000.0,-1000000.0,,,-0.3779634730118728,
2024-06-22,,-3.0237077840949778,,-3.023707784094981,,,,-4.6843107501726315,,,-1000000.0,,-1000000.0,,
2024-06-24,-1000000.0,-0.5855388437715789,,-3.023707784094981,-2.634924796972105,,,-0.8017822257400795,-3.023707784094995,-1000000.0,-0.37796347301187255,,0.9449099325247217,,
2024-06-26,,-4.68431075017263,,-3.023707784094981,,,,-4.543432612527117,,,-5.66945209517809,,-4.34658568961372,,
2024-06-27,-1000000.0,,,-3.023707784094981,,,,,-3.023707784094995,-1000000.0,,,,-5.669452095178094,
2024-06-29,,-2.6349247969721046,-1000000.0,,-4.684310750172631,-1000000.0,,-1.0690429676534396,,,-0.585538843771579,,-1.7008378785444995,-3.023707784094983,
2024-07-01,,-3.023707784094977,,-3.023707784094981,,,,-4.543432612527117,,,-4.684310750172631,,-1.7008378785444995,,
2024-07-02,,-3.023707784094977,,,,-1000000.0,,-2.6726074191335982,,-1000000.0,,,,-3.023707784094983,
2024-07-03,-1000000.0,,,,-2.634924796972105,,,,-3.023707784094995,,,-3.023707784094984,,-3.023707784094983,
2024-07-04,,-3.023707784094977,,,-2.634924796972105,,,-2.6349247969721055,,,-2.634924796972105,,-1.7008378785444995,,
2024-07-05,-1000000.0,,,,,-1000000.0,,-2.6349247969721055,,-1000000.0,,,-1.7008378785444995,,
2024-07-06,-1000000.0,,,-1000000.0,,,,-3.0237077840949795,,,-2.634924796972105,,-1.7008378785444995,,
2024-07-09,-1000000.0,,,,-2.634924796972105,,,-3.0237077840949795,,-1000000.0,,,-1000000.0,,
2024-07-11,,-3.023707784094977,,-1000000.0,,,,-1000000.0,,-1000000.0,,,-1000000.0,,
2024-07-12,-0.37796347301187255,-1000000.0,,,-0.8017822257400792,-1000000.0,,,0.944909932524722,,0.5447040870951096,,-1000000.0,-0.5855388437715795,
2024-07-15,-5.66945209517809,,,,-4.684310750172631,,,-1000000.0,,-1000000.0,,,,-4.684310750172634,
2024-07-17,,-1000000.0,,,,-1000000.0,,,-4.346585689613722,-1000000.0,,,-1000000.0,,
2024-07-20,-3.0237077840949813,-1000000.0,,-1000000.0,-3.02370778409498,,,-1000000.0,-1.7008378785445,-1000000.0,-4.357632696760877,,-0.377963473011873,,
2024-07-21,,-1000000.0,,-1000000.0,,,,,-1.7008378785445,,-1.815680290317032,,,-3.023707784094983,
2024-07-24,-0.5855388437715789,,,,-3.02370778409498,-1000000.0,,,-0.5447040870951099,-1000000.0,-1.7008378785444986,,-2.634924796972108,,
2024-07-25,-4.68431075017263,,,-1000000.0,,,,,-3.086656493538956,,-1.7008378785444986,,-4.684310750172636,,
2024-07-26,-2.6349247969721046,-0.3779634730118721,,-1000000.0,-0.585538843771579,,,-0.37796347301187233,-1.8156802903170326,-1000000.0,-0.5447040870951096,,-2.634924796972108,-0.5855388437715795,
2024-07-28,-2.6349247969721046,,,-1000000.0,,,,-5.669452095178087,,-1000000.0,,,,-4.684310750172634,
2024-07-29,-3.0237077840949813,-2.634924796972105,,-1000000.0,,-0.37796347301187266,,-0.5855388437715792,-3.023707784094994,-0.3779634730118727,-3.0866564935389547,,-0.8017822257400801,-2.634924796972107,
2024-07-30,-0.5855388437715789,,,-0.3779634730118725,,,,,-0.5855388437715802,-5.669452095178093,-3.0237077840949804,,-4.543432612527121,-2.634924796972107,
2024-07-31,,-4.684310750172631,,,,-5.669452095178092,,-4.6843107501726315,,,-3.0237077840949804,,,-3.023707784094983,
2024-08-01,-4.68431075017263,,,,,-3.023707784094982,,-2.6349247969721055,,,-3.0237077840949804,,-2.6726074191336,,
2024-08-04,-3.0237077840949813,,,,-4.684310750172631,,,,-4.6843107501726395,-3.0237077840949826,,,,-3.023707784094983,
2024-08-05,,-2.634924796972105,,,,-3.023707784094982,,-2.6349247969721055,,,-3.0237077840949804,,,-3.023707784094983,
2024-08-11,,-0.8017822257400794,,-2.6349247969721055,,,,-2.6349247969721055,-2.63492479697211,-0.5855388437715792,,,-0.8017822257400801,,
2024-08-19,,-2.9398681610469586,,,,-0.5855388437715793,,-3.0237077840949795,-3.023707784094994,-4.6843107501726315,-3.0237077840949804,,-4.684310750172636,-1000000.0,
2024-08-20,,-4.8106933544404775,,-4.6843107501726315,,,,,-3.023707784094994,-2.6349247969721055,,,,-1000000.0,
2024-08-23,-3.0237077840949813,,,,-2.634924796972105,,,-3.0237077840949795,,,-1000000.0,,,-1000000.0,
2024-08-24,,-1.0690429676534394,,-0.8017822257400792,,,,-0.37796347301187233,,-2.6349247969721055,-1000000.0,,-0.8017822257400801,,
2024-08-26,-3.0237077840949813,,,-4.543432612527115,,,,,-3.023707784094994,,-1000000.0,,-4.543432612527121,,
2024-08-29,,-2.9398681610469586,,-2.6726074191335973,-3.02370778409498,,,-5.669452095178087,-3.023707784094994,-3.0237077840949826,-1000000.0,,-2.634924796972108,-1000000.0,
2024-08-30,-3.0237077840949813,-3.513233062629479,,,-0.585538843771579,,-1000000.0,0.726272116126813,,-0.5855388437715792,-1000000.0,,-0.8017822257400801,-1000000.0,
2024-08-31,,-5.562619015830009,,,-4.684310750172631,,,-4.357632696760879,,-4.6843107501726315,,,,-1000000.0,
2024-09-01,,-1.4638471094289494,,-2.6726074191335973,-2.634924796972105,,,-1.8156802903170326,-1000000.0,-0.5855388437715792,,,,-0.3779634730118728,
2024-09-05,-0.5855388437715789,,,-2.6349247969721055,-3.02370778409498,,,-0.7262721161268131,,-2.6726074191335973,,,,-5.669452095178094,-1000000.0
2024-09-06,-5.66945209517809,-4.8106933544404775,,-3.023707784094981,-3.02370778409498,,,,-0.37796347301187416,-2.939868161046957,,,,-0.5855388437715795,
2024-09-07,-3.0237077840949813,,,,-3.02370778409498,,,-3.2682245225706588,,-4.810693354440474,,,-4.543432612527121,,
2024-09-08,-3.0237077840949813,-2.9398681610469586,,,,-2.6726074191335982,,,-2.63492479697211,,-0.37796347301187244,,,-2.6726074191335982,
2024-09-12,,-2.672607419133598,,,-3.02370778409498,,,,-4.6843107501726395,,-5.669452095178088,,-2.634924796972108,,
2024-09-16,-3.0237077840949813,-0.8017822257400794,,,-1000000.0,-2.939868161046958,,-0.7262721161268131,-2.63492479697211,-1.4638471094289474,-3.0237077840949804,,-2.634924796972108,-2.9398681610469586,
2024-09-17,-3.0237077840949813,-4.684310750172631,,-3.023707784094981,,-4.543432612527117,,-3.2682245225706588,-2.63492479697211,-4.810693354440474,-3.0237077840949804,,-3.023707784094984,-4.810693354440477,
2024-09-18,,-2.634924796972105,,,-1000000.0,,,-2.634924796972105,,,-3.0237077840949804,,,-2.939868161046958,
2024-09-20,,-3.023707784094978,,,,-2.6726074191335982,,,-2.63492479697211,,-3.0237077840949804,,,-2.6726074191335982,
2024-09-21,-0.5855388437715789,-3.023707784094978,,,,-1.0690429676534392,-1000000.0,0.5447040870951099,,-2.939868161046957,-0.585538843771579,,-0.5855388437715797,-2.6726074191335982,
2024-09-27,-5.66945209517809,-3.023707784094978,,-1000000.0,-1000000.0,,,-4.539200725792582,-2.63492479697211,-2.6726074191335973,-5.669452095178087,,-4.684310750172636,-2.634924796972107,
2024-10-02,-0.5855388437715789,-3.023707784094978,,-0.3779634730118725,,-4.810693354440477,,0.30037538880391385,,0.5447040870951098,,,-3.023707784094984,-0.5855388437715795,
2024-10-03,-4.68431075017263,,,,-1000000.0,,,,-3.023707784094994,-4.357632696760878,,,,-5.669452095178094,
2024-10-04,-2.6349247969721046,-1000000.0,,-5.669452095178089,,-2.672607419133598,,-3.9048800544508784,-1000000.0,,-3.02370778409498,-3.023707784094984,,-0.5855388437715795,
2024-10-05,-2.6349247969721046,,,,,-2.6349247969721064,,,-1000000.0,,-3.02370778409498,,-3.023707784094984,,
2024-10-06,,-1000000.0,,,-1000000.0,,,,-1000000.0,,-3.02370778409498,,,-4.684310750172634,
2024-10-07,-2.6349247969721046,,,-3.023707784094981,,,,,-1000000.0,-1.8156802903170324,,,-3.023707784094984,,
2024-10-09,,-1000000.0,,-3.023707784094981,,,,,-1000000.0,-1.7008378785444986,,,-3.023707784094984,,
2024-10-14,,-1000000.0,,,-1000000.0,,,,-1000000.0,,-3.02370778409498,,,-2.634924796972107,
2024-10-15,-0.5855388437715789,,,,,-0.5855388437715793,,-0.7509384720097843,,-1.7008378785444986,,-3.023707784094984,-3.023707784094984,-2.634924796972107,
2024-10-17,-4.68431075017263,,,-3.023707784094981,,,,,-1000000.0,,-3.02370778409498,,,-2.634924796972107,
2024-10-18,-0.5855388437715789,,,-3.023707784094981,-1000000.0,,,-2.06409658958226,,-0.5447040870951098,,,-1000000.0,-3.023707784094983,
2024-10-19,,1.3858685121460221,,,-0.3779634730118724,-2.6726074191335982,,-2.449486742786854,-0.37796347301187416,,1.385868512146022,,-0.377963473011873,-0.5855388437715795,
2024-10-20,-4.68431075017263,,,,,-4.543432612527117,,-3.5906577435939444,,-3.0866564935389555,,,,,-1000000.0
2024-10-21,-0.8017822257400788,-3.9056294433206085,,-3.023707784094981,,-0.8017822257400795,,-2.267783838059333,-2.63492479697211,-3.0237077840949804,-3.1497011639682317,,,-0.5447040870951099,
2024-10-25,-2.9398681610469555,,,-1000000.0,,-4.543432612527117,,-2.672607419133598,-4.6843107501726395,-3.0237077840949804,-2.2677848380571266,,-2.634924796972109,,
2024-10-29,-4.810693354440472,,,,-5.669452095178087,,,,-2.63492479697211,,-1.385868512146022,,,-4.357632696760879,
2024-10-31,-2.672607419133596,,,-1000000.0,,,,,-2.63492479697211,,-1.385868512146022,,-4.684310750172638,,
2024-11-01,-2.672607419133596,,,,,-2.6726074191335982,,,-2.63492479697211,,-1.385868512146022,,-2.634924796972109,,
2024-11-02,-2.634924796972105,,,-1000000.0,,,,-2.672607419133598,,-3.0237077840949804,,,-2.634924796972109,,
2024-11-05,-2.634924796972105,,,-1000000.0,,,,-2.6349247969721055,,,-1.385868512146022,,,-1.8156802903170326,
2024-11-06,-3.0237077840949818,-1.259880465587293,,-1000000.0,-3.02370778409498,,,,-0.8017822257400797,-0.585538843771579,,,,-0.7262721161268131,
2024-11-07,-1000000.0,,,,-3.02370778409498,,,-3.0237077840949786,,-4.684310750172631,,,,-3.2682245225706588,
2024-11-10,,-1.259880465587293,,,-3.02370778409498,,,-1000000.0,,,-3.0237077840949778,,-2.634924796972109,,
2024-11-11,,-1.259880465587293,,,-3.02370778409498,,,-1000000.0,,,-1000000.0,,-2.634924796972109,,
2024-11-13,,-0.5039521862349172,,-0.3779634730118725,,,,-1000000.0,-4.6843107501726395,,-0.3779634730118721,,,-0.9449099325247219,
2024-11-15,-1000000.0,,,,,-2.6726074191335982,,-1000000.0,,-3.02370778409498,,,-3.0237077840949853,,
2024-11-16,-1000000.0,-2.2677848380571275,,-5.669452095178089,-3.02370778409498,,,-0.3779634730118722,,,-2.6349247969721037,,-1000000.0,-3.2682245225706588,
2024-11-18,-1000000.0,,,,,-2.6349247969721064,,-5.669452095178086,,,-4.684310750172629,,-1000000.0,,
2024-11-19,-1000000.0,,,,-1000000.0,,,,-3.023707784094996,,-2.6349247969721037,,-1000000.0,,
2024-11-20,-1000000.0,,,,-1000000.0,,,-3.0237077840949786,,,,-1000000.0,-1000000.0,,
2024-11-21,0.9449099325247213,,,,0.9449099325247213,,,0.726272116126813,,-3.02370778409498,-0.8017822257400788,,-1000000.0,-0.8017822257400795,
2024-11-22,-4.346585689613718,,,-3.023707784094981,,,,-4.357632696760878,,,-4.543432612527114,,,-4.543432612527117,
2024-11-23,-1.7008378785444986,,,-3.023707784094981,,,,,-3.023707784094996,,-2.672607419133596,,-1000000.0,,
2024-11-24,-1.7008378785444986,,,-3.023707784094981,,,,,-3.023707784094996,,-2.6349247969721037,,,-2.6726074191335982,
2024-11-26,-1.7008378785444986,,,-3.023707784094981,,,,-1.8156802903170324,,-3.02370778409498,,,,-2.6349247969721072,
2024-11-27,-1.7008378785444986,,,,,-3.023707784094982,,-1.8156802903170324,,,-3.0237077840949778,,-1000000.0,,
2024-11-28,,-3.0237077840949778,,,,-3.023707784094982,,-1.7008378785444986,,,-3.0237077840949778,,-1000000.0,,
2024-11-30,-1.7008378785444986,,,,,-1000000.0,,,-3.023707784094996,,-3.0237077840949778,,-1000000.0,,
2024-12-01,-1000000.0,,,,-4.346585689613718,,,-1.7008378785444986,,,-1000000.0,,,-2.6349247969721072,
2024-12-03,-1000000.0,,,,-1.7008378785444986,,,,-3.023707784094996,,-1000000.0,,,,-1000000.0
2024-12-04,-1000000.0,,,-3.023707784094981,,,,-1.7008378785444986,,-3.02370778409498,,,-1000000.0,,
2024-12-06,-1000000.0,-3.0237077840949778,,,-1.7008378785444986,-1000000.0,,-1000000.0,-1000000.0,-0.585538843771579,,,,-0.5855388437715795,
2024-12-07,,-3.0237077840949778,,-1000000.0,,,,-1000000.0,,,-1000000.0,,,-4.684310750172634,
2024-12-08,,-3.0237077840949778,,,-1.7008378785444986,,,,-1000000.0,-5.669452095178087,,,-1000000.0,,
2024-12-12,-0.3779634730118726,-3.0237077840949778,,,-0.5447040870951098,-1000000.0,,-0.3779634730118722,-1000000.0,-3.02370778409498,-0.3779634730118721,,-1000000.0,-0.5855388437715795,
2024-12-13,,-1000000.0,,-1000000.0,,,,,-1000000.0,-3.02370778409498,,,,-4.684310750172634,
2024-12-15,,-0.3779634730118721,,,-1.9972483193487356,,,-5.669452095178086,-1000000.0,,-2.6349247969721037,,-1000000.0,-2.6349247969721072,
2024-12-18,-5.669452095178091,-5.669452095178084,,,-2.6726074191335973,,,-3.0237077840949786,-1000000.0,,-2.672607419133596,,-0.37796347301187305,,
2024-12-19,,-0.5855388437715789,,,-4.543432612527115,-1000000.0,,-3.0237077840949786,-1000000.0,-0.585538843771579,,,-5.669452095178098,-2.6349247969721072,
2024-12-20,-3.0237077840949818,-4.68431075017263,,-0.3779634730118725,,,,-3.0237077840949786,-1000000.0,-4.684310750172631,-4.543432612527114,,-3.0237077840949853,-2.6349247969721072,
2024-12-22,0.7262721161268128,-2.6349247969721046,,,-2.6726074191335973,-0.37796347301187266,-1000000.0,1.2598804655872933,,,1.069043967650633,,0.7262721161268133,-3.023707784094985,
2024-12-24,-4.357632696760877,,,,-2.6726074191335973,,,,-1000000.0,-2.634924796972105,,,-4.357632696760881,,
2024-12-26,,-2.6349247969721046,,,-2.6726074191335973,,,-4.031617489879338,,,-4.543436862515191,,-1.8156802903170335,,
2024-12-28,-1.815680290317032,,,-5.669452095178089,,,,,-1000000.0,-3.02370778409498,,,,-3.023707784094985,
2024-12-30,-1.815680290317032,,,,-2.634924796972106,,,-1.259880465587293,,,-1.7371964474322787,,-1.8156802903170335,,
